id,name,email,birthdate,Phone
1,Venu,ma@gmai.com,11-03-2020,1234585
2,shdbv,me@gmai.com,16-03-2020,1234586
3,sljdvnj,me@gmai.com,13-03-2020,1234587
4,zxlmbcxc,opa@gmai.com,14-03-2020,1234588
5,zxkjcvnb ,afma@gmai.com,15-03-2020,1234589
6,zxnc,lppla@gmai.com,16-03-2020,1234590
7,zx,mmckms@gmai.com,mmckms@gmai.com,17-03-2020,1234591
8,zlxjkcn,efsma@gmai.com,18-03-2020,1234592
9,zxjkncv,mesffea@gmai.com,19-03-2020,1234593
10,zkx,mesffea@gmai.com,mfsefa@gmai.com,20-03-2020,1234594
11,zlxjkcn,mefefsf@gmai.com,21-03-2020,1234595
12,zxjkncv,msfefsa@gmai.com,22-03-2020,1234596
13,zkx,msfefsa@gmai.com,mFEEFa@gmai.com,23-03-2020,1234597
14,zlxjkcn,mdgfga@gmai.com,24-03-2020,1234598
15,zxjkncv,mbcva@gmai.com,25-03-2020,1234511
16,zkx,mbcva@gmai.com,mavfdb@gmai.com,26-03-2020,1234599
17,zlxjkcn,mbgbga@gmai.com,27-03-2020,1234560
18,zxjkncv,bgfbma@gmai.com,28-03-2020,1234599
19,zkx,bgfbma@gmai.com,mafdv@gmai.com,29-03-2020,1234603
20,zlxjkcn,mabgb@gmai.com,30-03-2020,1234604
21,zxjkncv,fbbbma@gmai.com,31-03-2020,1234605
22,zkx,fbbbma@gmai.com,fbbfda@gmai.com,01-04-2020,1234606
23,zlxjkcn,mabfdb@gmai.com,02-04-2020,1234607
