id,name,email,birthdate
1,manoj,ma@gmai.com,11-02-2020
2,shdbv,me@gmai.com,12-02-2020
4,zxlmbcxc,opa@gmai.com,14-02-2020
5,zxkjcvnb ,afma@gmai.com,15-02-2020
6,zxnc,lppla@gmai.com,16-02-2020
7,zx,kcn,mmckms@gmai.com
8,zlxjkcn,efsma@gmai.com,18-02-2020
9,zxjkncv,mesffea@gmai.com,19-02-2020
10,zkx,mlv,mfsefa@gmai.com
11,zlxjkcn,mefefsf@gmai.com,21-02-2020
14,zlxjkcn,mdgfga@gmai.com,24-02-2020
15,zxjkncv,mbcva@gmai.com,25-02-2020
16,zkx,mlv,mavfdb@gmai.com
17,zlxjkcn,mbgbga@gmai.com,27-02-2020
18,zxjkncv,bgfbma@gmai.com,28-02-2020
19,zkx,mlv,mafdv@gmai.com
20,zlxjkcn,mabgb@gmai.com,01-03-2020
21,zxjkncv,fbbbma@gmai.com,02-03-2020
22,zkx,mlv,fbbfda@gmai.com
23,zlxjkcn,mabfdb@gmai.com,04-03-2020
24,zxjkncv,fbbbma@gmai.com,05-03-2020
25,zkx,mlv,fbbfda@gmai.com
26,zlxjkcn,mabfdb@gmai.com,07-03-2020
